GEO.id,GEO.id2,GEO.display-label,HD01_VD01,HD02_VD01,HD01_VD02,HD02_VD02,HD01_VD03,HD02_VD03,HD01_VD04,HD02_VD04,HD01_VD05,HD02_VD05,HD01_VD06,HD02_VD06,HD01_VD07,HD02_VD07,HD01_VD08,HD02_VD08,HD01_VD09,HD02_VD09,HD01_VD10,HD02_VD10,HD01_VD11,HD02_VD11,HD01_VD12,HD02_VD12,HD01_VD13,HD02_VD13,HD01_VD14,HD02_VD14,HD01_VD15,HD02_VD15,HD01_VD16,HD02_VD16
Id,Id2,Geography,Estimate; Total:,Margin of Error; Total:,Estimate; Family households:,Margin of Error; Family households:,Estimate; Family households: - 2-person household,Margin of Error; Family households: - 2-person household,Estimate; Family households: - 3-person household,Margin of Error; Family households: - 3-person household,Estimate; Family households: - 4-person household,Margin of Error; Family households: - 4-person household,Estimate; Family households: - 5-person household,Margin of Error; Family households: - 5-person household,Estimate; Family households: - 6-person household,Margin of Error; Family households: - 6-person household,Estimate; Family households: - 7-or-more person household,Margin of Error; Family households: - 7-or-more person household,Estimate; Nonfamily households:,Margin of Error; Nonfamily households:,Estimate; Nonfamily households: - 1-person household,Margin of Error; Nonfamily households: - 1-person household,Estimate; Nonfamily households: - 2-person household,Margin of Error; Nonfamily households: - 2-person household,Estimate; Nonfamily households: - 3-person household,Margin of Error; Nonfamily households: - 3-person household,Estimate; Nonfamily households: - 4-person household,Margin of Error; Nonfamily households: - 4-person household,Estimate; Nonfamily households: - 5-person household,Margin of Error; Nonfamily households: - 5-person household,Estimate; Nonfamily households: - 6-person household,Margin of Error; Nonfamily households: - 6-person household,Estimate; Nonfamily households: - 7-or-more person household,Margin of Error; Nonfamily households: - 7-or-more person household
1400000US08031000102,08031000102,"Census Tract 1.02, Denver County, Colorado",1467,106,730,105,451,93,210,71,40,34,29,27,0,92,0,92,737,116,479,114,249,79,0,92,9,14,0,92,0,92,0,92
1400000US08031000201,08031000201,"Census Tract 2.01, Denver County, Colorado",1474,74,921,105,410,128,240,110,104,69,75,62,47,54,45,54,553,103,434,97,119,66,0,92,0,92,0,92,0,92,0,92
1400000US08031000202,08031000202,"Census Tract 2.02, Denver County, Colorado",1520,96,835,135,304,84,252,94,90,53,89,65,81,65,19,22,685,154,492,131,176,82,17,20,0,92,0,92,0,92,0,92
1400000US08031000301,08031000301,"Census Tract 3.01, Denver County, Colorado",2357,125,1115,147,580,149,256,118,224,89,11,18,11,19,33,46,1242,183,1032,161,210,94,0,92,0,92,0,92,0,92,0,92
1400000US08031000302,08031000302,"Census Tract 3.02, Denver County, Colorado",1801,119,965,102,454,108,297,100,147,63,67,39,0,92,0,92,836,140,634,120,202,85,0,92,0,92,0,92,0,92,0,92
1400000US08031000303,08031000303,"Census Tract 3.03, Denver County, Colorado",2237,128,1058,128,634,124,258,102,133,65,33,29,0,92,0,92,1179,162,913,156,203,94,63,90,0,92,0,92,0,92,0,92
1400000US08031000401,08031000401,"Census Tract 4.01, Denver County, Colorado",1468,65,760,132,341,99,249,99,61,39,38,35,59,61,12,18,708,133,425,125,219,88,64,69,0,92,0,92,0,92,0,92
1400000US08031000402,08031000402,"Census Tract 4.02, Denver County, Colorado",2502,205,943,202,474,133,203,113,168,145,51,47,47,75,0,92,1559,265,1144,249,312,126,54,55,49,54,0,92,0,92,0,92
1400000US08031000501,08031000501,"Census Tract 5.01, Denver County, Colorado",965,52,435,72,254,66,92,49,49,35,13,21,27,34,0,92,530,94,359,93,143,70,28,27,0,92,0,92,0,92,0,92
1400000US08031000502,08031000502,"Census Tract 5.02, Denver County, Colorado",2584,159,1201,234,721,179,257,119,211,107,12,21,0,92,0,92,1383,204,1106,190,257,122,20,32,0,92,0,92,0,92,0,92
1400000US08031000600,08031000600,"Census Tract 6, Denver County, Colorado",1050,115,470,101,181,89,153,76,90,63,12,19,34,34,0,92,580,103,436,104,132,72,12,18,0,92,0,92,0,92,0,92
1400000US08031000701,08031000701,"Census Tract 7.01, Denver County, Colorado",1808,78,811,100,352,113,193,80,177,80,50,50,21,24,18,22,997,120,811,104,153,81,27,31,6,10,0,92,0,92,0,92
1400000US08031000702,08031000702,"Census Tract 7.02, Denver County, Colorado",2012,152,998,222,349,131,213,114,302,135,80,77,34,43,20,34,1014,189,715,159,169,88,33,52,72,90,0,92,25,48,0,92
1400000US08031000800,08031000800,"Census Tract 8, Denver County, Colorado",502,30,361,64,113,76,23,33,175,77,50,52,0,92,0,92,141,58,127,54,14,26,0,92,0,92,0,92,0,92,0,92
1400000US08031000902,08031000902,"Census Tract 9.02, Denver County, Colorado",1732,105,1079,153,332,84,167,77,208,88,186,90,76,52,110,68,653,153,525,129,49,39,46,45,8,12,0,92,25,40,0,92
1400000US08031000903,08031000903,"Census Tract 9.03, Denver County, Colorado",1752,121,1241,149,377,100,182,93,354,124,165,80,76,57,87,53,511,141,360,106,151,91,0,92,0,92,0,92,0,92,0,92
1400000US08031000904,08031000904,"Census Tract 9.04, Denver County, Colorado",1807,90,1059,114,310,94,212,87,238,105,150,72,108,64,41,39,748,131,510,113,174,96,46,42,18,30,0,92,0,92,0,92
1400000US08031000905,08031000905,"Census Tract 9.05, Denver County, Colorado",1109,94,700,115,205,73,158,81,145,79,55,49,81,55,56,51,409,106,311,103,40,28,48,46,10,15,0,92,0,92,0,92
1400000US08031001000,08031001000,"Census Tract 10, Denver County, Colorado",1178,74,842,117,190,90,246,105,171,92,86,73,69,57,80,65,336,118,290,95,46,51,0,92,0,92,0,92,0,92,0,92
1400000US08031001101,08031001101,"Census Tract 11.01, Denver County, Colorado",1024,35,576,94,236,89,138,69,65,47,77,48,47,39,13,16,448,97,262,90,172,81,0,92,14,20,0,92,0,92,0,92
1400000US08031001102,08031001102,"Census Tract 11.02, Denver County, Colorado",1385,117,475,104,169,54,119,60,100,58,55,49,24,27,8,13,910,136,691,128,199,82,20,21,0,92,0,92,0,92,0,92
1400000US08031001301,08031001301,"Census Tract 13.01, Denver County, Colorado",1503,101,958,111,251,82,170,65,202,89,202,86,126,77,7,18,545,120,487,115,58,33,0,92,0,92,0,92,0,92,0,92
1400000US08031001302,08031001302,"Census Tract 13.02, Denver County, Colorado",1282,88,821,132,306,100,128,69,171,72,75,55,73,66,68,60,461,126,336,109,79,55,46,50,0,92,0,92,0,92,0,92
1400000US08031001401,08031001401,"Census Tract 14.01, Denver County, Colorado",1879,120,1238,131,370,102,226,78,259,115,199,84,113,75,71,46,641,124,584,128,49,47,8,12,0,92,0,92,0,92,0,92
1400000US08031001402,08031001402,"Census Tract 14.02, Denver County, Colorado",1412,65,801,127,253,97,250,103,83,49,135,88,43,42,37,39,611,107,545,116,21,24,45,56,0,92,0,92,0,92,0,92
1400000US08031001403,08031001403,"Census Tract 14.03, Denver County, Colorado",1115,81,387,121,216,96,85,83,69,61,13,18,4,18,0,92,728,137,587,119,115,76,26,33,0,92,0,92,0,92,0,92
1400000US08031001500,08031001500,"Census Tract 15, Denver County, Colorado",1008,99,617,87,249,75,28,33,128,71,121,50,35,36,56,48,391,107,343,109,48,36,0,92,0,92,0,92,0,92,0,92
1400000US08031001600,08031001600,"Census Tract 16, Denver County, Colorado",3395,239,1062,258,692,246,200,108,109,86,19,27,0,92,42,50,2333,277,1573,256,698,204,62,74,0,92,0,92,0,92,0,92
1400000US08031001701,08031001701,"Census Tract 17.01, Denver County, Colorado",2910,169,746,135,645,135,101,21,0,92,0,92,0,92,0,92,2164,204,1714,235,422,175,28,31,0,92,0,92,0,92,0,92
1400000US08031001702,08031001702,"Census Tract 17.02, Denver County, Colorado",1947,198,297,115,297,115,0,92,0,92,0,92,0,92,0,92,1650,223,1344,216,272,156,8,14,26,43,0,92,0,92,0,92
1400000US08031001800,08031001800,"Census Tract 18, Denver County, Colorado",1676,122,560,125,227,83,104,70,164,84,50,47,0,92,15,28,1116,143,720,134,365,89,31,33,0,92,0,92,0,92,0,92
1400000US08031001901,08031001901,"Census Tract 19.01, Denver County, Colorado",1011,59,577,123,221,91,172,86,91,53,47,45,46,47,0,92,434,117,311,101,116,58,6,19,1,8,0,92,0,92,0,92
1400000US08031001902,08031001902,"Census Tract 19.02, Denver County, Colorado",43,24,9,14,9,14,0,92,0,92,0,92,0,92,0,92,34,20,17,15,7,11,0,92,0,92,0,92,0,92,10,15
1400000US08031002000,08031002000,"Census Tract 20, Denver County, Colorado",1083,94,230,92,201,93,11,17,18,4,0,92,0,92,0,92,853,121,776,116,77,42,0,92,0,92,0,92,0,92,0,92
1400000US08031002100,08031002100,"Census Tract 21, Denver County, Colorado",2260,198,788,167,345,117,245,112,0,92,55,54,37,59,106,50,1472,180,978,198,361,118,133,87,0,92,0,92,0,92,0,92
1400000US08031002300,08031002300,"Census Tract 23, Denver County, Colorado",1940,149,1034,142,458,132,322,118,133,57,73,54,38,47,10,21,906,173,731,147,139,72,30,37,6,10,0,92,0,92,0,92
1400000US08031002402,08031002402,"Census Tract 24.02, Denver County, Colorado",728,59,348,63,236,77,58,44,44,25,10,23,0,92,0,92,380,89,298,84,63,38,19,26,0,92,0,92,0,92,0,92
1400000US08031002403,08031002403,"Census Tract 24.03, Denver County, Colorado",1579,170,401,134,182,88,98,65,24,25,97,82,0,92,0,92,1178,178,986,173,128,67,53,56,11,17,0,92,0,92,0,92
1400000US08031002601,08031002601,"Census Tract 26.01, Denver County, Colorado",2229,125,83,54,76,49,7,12,0,92,0,92,0,92,0,92,2146,136,1843,182,303,114,0,92,0,92,0,92,0,92,0,92
1400000US08031002602,08031002602,"Census Tract 26.02, Denver County, Colorado",1421,124,237,84,182,77,37,40,18,29,0,92,0,92,0,92,1184,141,829,142,321,99,24,27,10,17,0,92,0,92,0,92
1400000US08031002701,08031002701,"Census Tract 27.01, Denver County, Colorado",3283,217,247,110,186,97,61,66,0,92,0,92,0,92,0,92,3036,214,2526,230,495,171,15,25,0,92,0,92,0,92,0,92
1400000US08031002702,08031002702,"Census Tract 27.02, Denver County, Colorado",3630,180,572,152,454,145,70,57,27,36,21,21,0,92,0,92,3058,217,2389,249,635,177,0,92,34,52,0,92,0,92,0,92
1400000US08031002703,08031002703,"Census Tract 27.03, Denver County, Colorado",3385,188,436,145,274,127,150,107,9,14,3,19,0,92,0,92,2949,227,2194,230,714,164,41,39,0,92,0,92,0,92,0,92
1400000US08031002801,08031002801,"Census Tract 28.01, Denver County, Colorado",1661,87,447,90,242,76,101,74,94,59,10,19,0,92,0,92,1214,117,733,123,464,119,17,27,0,92,0,92,0,92,0,92
1400000US08031002802,08031002802,"Census Tract 28.02, Denver County, Colorado",2495,225,475,102,306,109,75,57,89,33,5,13,0,92,0,92,2020,217,1416,226,473,139,131,112,0,92,0,92,0,92,0,92
1400000US08031002803,08031002803,"Census Tract 28.03, Denver County, Colorado",2844,179,553,132,402,126,118,66,33,28,0,92,0,92,0,92,2291,200,1949,198,342,118,0,92,0,92,0,92,0,92,0,92
1400000US08031002901,08031002901,"Census Tract 29.01, Denver County, Colorado",1495,61,559,115,313,82,151,81,58,54,37,36,0,92,0,92,936,118,698,112,221,81,17,27,0,92,0,92,0,92,0,92
1400000US08031002902,08031002902,"Census Tract 29.02, Denver County, Colorado",1842,110,935,93,601,92,176,66,134,44,24,22,0,92,0,92,907,121,751,105,147,68,0,92,0,92,9,15,0,92,0,92
1400000US08031003001,08031003001,"Census Tract 30.01, Denver County, Colorado",2682,150,1107,133,642,150,266,84,199,64,0,92,0,92,0,92,1575,214,1014,206,468,141,85,67,8,14,0,92,0,92,0,92
1400000US08031003002,08031003002,"Census Tract 30.02, Denver County, Colorado",1264,81,600,94,291,78,161,62,75,61,38,31,7,12,28,43,664,122,499,108,158,77,7,13,0,92,0,92,0,92,0,92
1400000US08031003003,08031003003,"Census Tract 30.03, Denver County, Colorado",1108,102,309,81,197,72,55,28,57,39,0,92,0,92,0,92,799,110,512,119,200,96,66,61,21,29,0,92,0,92,0,92
1400000US08031003004,08031003004,"Census Tract 30.04, Denver County, Colorado",2198,184,798,144,404,110,215,98,139,68,27,31,13,23,0,92,1400,177,801,190,433,133,110,58,56,59,0,92,0,92,0,92
1400000US08031003101,08031003101,"Census Tract 31.01, Denver County, Colorado",662,82,231,54,97,52,42,31,51,32,41,37,0,92,0,92,431,107,264,99,158,85,9,14,0,92,0,92,0,92,0,92
1400000US08031003102,08031003102,"Census Tract 31.02, Denver County, Colorado",1728,129,297,98,149,74,44,31,60,45,44,55,0,92,0,92,1431,146,1167,148,229,84,26,38,9,14,0,92,0,92,0,92
1400000US08031003201,08031003201,"Census Tract 32.01, Denver County, Colorado",3273,206,451,164,374,159,28,31,49,47,0,92,0,92,0,92,2822,252,2171,229,618,204,16,27,17,28,0,92,0,92,0,92
1400000US08031003202,08031003202,"Census Tract 32.02, Denver County, Colorado",1900,119,488,123,352,120,81,70,48,34,7,13,0,92,0,92,1412,152,1176,155,211,95,11,18,0,92,14,23,0,92,0,92
1400000US08031003203,08031003203,"Census Tract 32.03, Denver County, Colorado",1241,88,788,82,394,70,174,59,99,51,86,53,24,32,11,17,453,93,302,91,151,67,0,92,0,92,0,92,0,92,0,92
1400000US08031003300,08031003300,"Census Tract 33, Denver County, Colorado",1392,103,735,92,332,83,84,45,283,59,13,17,4,8,19,27,657,113,424,101,228,84,0,92,5,9,0,92,0,92,0,92
1400000US08031003401,08031003401,"Census Tract 34.01, Denver County, Colorado",1304,79,577,93,353,73,131,73,80,24,9,13,4,8,0,92,727,103,581,122,108,74,0,92,38,53,0,92,0,92,0,92
1400000US08031003402,08031003402,"Census Tract 34.02, Denver County, Colorado",1917,97,1170,116,632,117,257,85,219,76,50,35,12,19,0,92,747,130,591,125,123,65,33,36,0,92,0,92,0,92,0,92
1400000US08031003500,08031003500,"Census Tract 35, Denver County, Colorado",1823,93,1329,128,419,130,169,85,281,118,225,78,101,66,134,78,494,124,326,106,82,49,61,61,25,38,0,92,0,92,0,92
1400000US08031003601,08031003601,"Census Tract 36.01, Denver County, Colorado",1622,84,1053,152,321,109,304,103,240,124,82,55,45,42,61,58,569,124,464,107,85,57,6,10,14,22,0,92,0,92,0,92
1400000US08031003602,08031003602,"Census Tract 36.02, Denver County, Colorado",1477,91,916,123,215,64,210,93,149,72,229,107,62,44,51,37,561,102,341,92,156,62,64,72,0,92,0,92,0,92,0,92
1400000US08031003603,08031003603,"Census Tract 36.03, Denver County, Colorado",1379,135,790,146,344,113,262,89,137,80,22,26,25,28,0,92,589,136,358,98,197,113,34,31,0,92,0,92,0,92,0,92
1400000US08031003701,08031003701,"Census Tract 37.01, Denver County, Colorado",1356,116,494,88,319,92,127,65,34,25,14,15,0,92,0,92,862,140,695,140,167,60,0,92,0,92,0,92,0,92,0,92
1400000US08031003702,08031003702,"Census Tract 37.02, Denver County, Colorado",2658,163,670,139,407,119,117,90,120,41,26,24,0,92,0,92,1988,208,1573,223,356,133,38,34,0,92,21,30,0,92,0,92
1400000US08031003703,08031003703,"Census Tract 37.03, Denver County, Colorado",1564,108,474,88,283,77,95,45,86,50,10,17,0,92,0,92,1090,135,956,136,114,53,20,24,0,92,0,92,0,92,0,92
1400000US08031003800,08031003800,"Census Tract 38, Denver County, Colorado",3293,202,1192,200,953,172,169,109,63,54,7,12,0,92,0,92,2101,239,1892,232,191,72,0,92,0,92,18,28,0,92,0,92
1400000US08031003901,08031003901,"Census Tract 39.01, Denver County, Colorado",1966,118,1205,149,779,160,173,78,186,63,54,37,13,20,0,92,761,139,661,134,87,51,0,92,13,24,0,92,0,92,0,92
1400000US08031003902,08031003902,"Census Tract 39.02, Denver County, Colorado",1654,113,940,108,470,100,188,67,196,51,86,70,0,92,0,92,714,126,479,120,214,93,13,18,8,13,0,92,0,92,0,92
1400000US08031004002,08031004002,"Census Tract 40.02, Denver County, Colorado",1317,52,934,95,475,103,169,67,254,54,36,27,0,92,0,92,383,88,350,91,33,31,0,92,0,92,0,92,0,92,0,92
1400000US08031004003,08031004003,"Census Tract 40.03, Denver County, Colorado",1828,97,1112,99,556,103,324,102,130,69,50,39,52,50,0,92,716,131,527,114,178,86,11,18,0,92,0,92,0,92,0,92
1400000US08031004004,08031004004,"Census Tract 40.04, Denver County, Colorado",836,31,497,50,227,43,128,47,67,49,75,34,0,92,0,92,339,52,243,61,54,38,42,37,0,92,0,92,0,92,0,92
1400000US08031004005,08031004005,"Census Tract 40.05, Denver County, Colorado",1504,102,379,69,192,70,38,28,133,61,9,14,7,11,0,92,1125,103,841,110,178,78,84,53,17,21,5,9,0,92,0,92
1400000US08031004006,08031004006,"Census Tract 40.06, Denver County, Colorado",1916,111,954,120,483,113,134,75,261,98,60,44,16,23,0,92,962,139,604,113,261,113,75,74,0,92,22,34,0,92,0,92
1400000US08031004101,08031004101,"Census Tract 41.01, Denver County, Colorado",1336,103,809,110,199,84,158,96,287,106,82,53,71,46,12,23,527,131,442,124,76,57,9,14,0,92,0,92,0,92,0,92
1400000US08031004102,08031004102,"Census Tract 41.02, Denver County, Colorado",1311,106,861,116,392,100,153,83,123,83,136,66,6,20,51,39,450,122,407,110,43,37,0,92,0,92,0,92,0,92,0,92
1400000US08031004103,08031004103,"Census Tract 41.03, Denver County, Colorado",2105,103,1317,151,600,130,316,104,301,99,80,74,20,33,0,92,788,138,651,138,90,59,47,58,0,92,0,92,0,92,0,92
1400000US08031004104,08031004104,"Census Tract 41.04, Denver County, Colorado",1793,104,1038,159,546,135,245,105,149,60,46,36,41,26,11,18,755,168,664,135,91,75,0,92,0,92,0,92,0,92,0,92
1400000US08031004106,08031004106,"Census Tract 41.06, Denver County, Colorado",2350,140,1711,194,447,117,566,147,452,134,246,115,0,92,0,92,639,160,391,134,236,104,4,8,8,12,0,92,0,92,0,92
1400000US08031004107,08031004107,"Census Tract 41.07, Denver County, Colorado",1524,105,762,106,322,102,207,72,199,60,18,18,10,18,6,16,762,120,625,122,106,61,31,40,0,92,0,92,0,92,0,92
1400000US08031004201,08031004201,"Census Tract 42.01, Denver County, Colorado",1908,88,1207,114,595,105,180,75,310,83,102,62,20,22,0,92,701,106,499,110,193,89,0,92,9,13,0,92,0,92,0,92
1400000US08031004202,08031004202,"Census Tract 42.02, Denver County, Colorado",1507,78,1051,106,625,87,122,55,219,92,70,41,11,16,4,8,456,99,349,94,107,50,0,92,0,92,0,92,0,92,0,92
1400000US08031004301,08031004301,"Census Tract 43.01, Denver County, Colorado",2548,213,744,187,424,151,227,99,67,49,26,28,0,92,0,92,1804,254,1536,263,255,133,13,23,0,92,0,92,0,92,0,92
1400000US08031004302,08031004302,"Census Tract 43.02, Denver County, Colorado",1172,71,534,111,336,77,123,74,53,36,22,24,0,92,0,92,638,131,433,108,132,59,28,45,45,58,0,92,0,92,0,92
1400000US08031004303,08031004303,"Census Tract 43.03, Denver County, Colorado",1570,61,1243,86,547,92,311,91,268,74,102,57,15,22,0,92,327,66,327,66,0,92,0,92,0,92,0,92,0,92,0,92
1400000US08031004304,08031004304,"Census Tract 43.04, Denver County, Colorado",2736,145,1376,174,780,177,371,110,147,69,34,31,44,35,0,92,1360,218,956,192,392,165,12,18,0,92,0,92,0,92,0,92
1400000US08031004306,08031004306,"Census Tract 43.06, Denver County, Colorado",2082,135,1021,126,579,141,182,86,106,64,136,60,18,27,0,92,1061,165,883,172,131,109,47,47,0,92,0,92,0,92,0,92
1400000US08031004403,08031004403,"Census Tract 44.03, Denver County, Colorado",1815,113,791,152,269,101,287,111,146,77,80,58,9,20,0,92,1024,153,715,131,275,96,34,37,0,92,0,92,0,92,0,92
1400000US08031004404,08031004404,"Census Tract 44.04, Denver County, Colorado",2225,179,1056,242,369,163,210,125,224,151,107,81,111,73,35,56,1169,202,688,140,252,144,229,124,0,92,0,92,0,92,0,92
1400000US08031004405,08031004405,"Census Tract 44.05, Denver County, Colorado",3572,174,1705,199,646,119,423,135,452,118,136,88,48,50,0,92,1867,212,1539,222,328,141,0,92,0,92,0,92,0,92,0,92
1400000US08031004503,08031004503,"Census Tract 45.03, Denver County, Colorado",1206,115,997,164,267,110,203,145,174,123,226,138,49,48,78,86,209,115,156,90,11,19,0,92,0,92,0,92,42,68,0,92
1400000US08031004504,08031004504,"Census Tract 45.04, Denver County, Colorado",1013,90,624,113,138,62,76,67,112,77,202,92,93,61,3,18,389,99,228,91,161,90,0,92,0,92,0,92,0,92,0,92
1400000US08031004505,08031004505,"Census Tract 45.05, Denver County, Colorado",1191,97,882,152,235,108,110,88,239,120,143,98,155,106,0,92,309,127,243,100,13,21,0,92,53,79,0,92,0,92,0,92
1400000US08031004506,08031004506,"Census Tract 45.06, Denver County, Colorado",939,106,749,106,221,101,250,122,113,78,62,58,58,41,45,46,190,79,190,79,0,92,0,92,0,92,0,92,0,92,0,92
1400000US08031004601,08031004601,"Census Tract 46.01, Denver County, Colorado",1833,88,1211,132,422,118,240,90,207,84,113,76,149,84,80,56,622,106,504,103,73,67,0,92,0,92,45,55,0,92,0,92
1400000US08031004602,08031004602,"Census Tract 46.02, Denver County, Colorado",2096,168,1517,196,377,139,422,167,228,123,418,175,52,46,20,31,579,174,493,146,22,26,12,20,52,78,0,92,0,92,0,92
1400000US08031004603,08031004603,"Census Tract 46.03, Denver County, Colorado",1901,95,1379,145,400,110,400,124,333,128,95,65,124,71,27,27,522,124,388,115,116,66,8,13,10,17,0,92,0,92,0,92
1400000US08031004700,08031004700,"Census Tract 47, Denver County, Colorado",2232,93,1451,205,469,129,364,146,220,106,350,112,28,38,20,36,781,201,598,178,105,79,78,86,0,92,0,92,0,92,0,92
1400000US08031004801,08031004801,"Census Tract 48.01, Denver County, Colorado",1023,51,675,94,334,75,94,42,135,64,101,62,0,92,11,14,348,85,248,72,89,56,11,17,0,92,0,92,0,92,0,92
1400000US08031005001,08031005001,"Census Tract 50.01, Denver County, Colorado",1016,85,471,110,270,84,105,66,67,49,0,92,14,21,15,24,545,92,458,102,79,44,0,92,8,14,0,92,0,92,0,92
1400000US08031005002,08031005002,"Census Tract 50.02, Denver County, Colorado",3516,131,1609,210,992,206,409,168,163,93,15,21,8,18,22,27,1907,223,1521,215,378,126,8,14,0,92,0,92,0,92,0,92
1400000US08031005102,08031005102,"Census Tract 51.02, Denver County, Colorado",1514,73,831,120,453,112,191,74,97,56,65,54,2,5,23,25,683,116,526,97,126,63,23,35,8,12,0,92,0,92,0,92
1400000US08031005104,08031005104,"Census Tract 51.04, Denver County, Colorado",1523,111,574,109,305,120,186,88,72,64,11,17,0,92,0,92,949,135,841,143,108,52,0,92,0,92,0,92,0,92,0,92
1400000US08031005200,08031005200,"Census Tract 52, Denver County, Colorado",1371,54,805,100,443,95,192,79,121,48,49,31,0,92,0,92,566,103,519,97,37,31,4,7,6,11,0,92,0,92,0,92
1400000US08031005300,08031005300,"Census Tract 53, Denver County, Colorado",645,18,215,75,83,38,103,58,26,20,0,92,0,92,3,5,430,78,327,72,91,60,0,92,12,18,0,92,0,92,0,92
1400000US08031005502,08031005502,"Census Tract 55.02, Denver County, Colorado",582,45,398,68,166,65,148,64,48,44,28,38,8,16,0,92,184,67,138,48,44,41,2,6,0,92,0,92,0,92,0,92
1400000US08031005503,08031005503,"Census Tract 55.03, Denver County, Colorado",1719,106,1125,118,536,134,243,82,199,86,101,56,43,37,3,9,594,131,474,118,114,71,6,10,0,92,0,92,0,92,0,92
1400000US08031006701,08031006701,"Census Tract 67.01, Denver County, Colorado",1226,119,344,97,256,93,35,29,45,30,8,20,0,92,0,92,882,131,710,138,172,77,0,92,0,92,0,92,0,92,0,92
1400000US08031006804,08031006804,"Census Tract 68.04, Denver County, Colorado",1237,70,474,120,402,115,40,33,32,30,0,92,0,92,0,92,763,139,617,129,146,80,0,92,0,92,0,92,0,92,0,92
1400000US08031006809,08031006809,"Census Tract 68.09, Denver County, Colorado",3559,135,1666,198,973,175,332,120,258,99,53,48,0,92,50,66,1893,231,1674,256,203,113,16,25,0,92,0,92,0,92,0,92
1400000US08031006810,08031006810,"Census Tract 68.10, Denver County, Colorado",2494,133,1283,184,758,177,303,130,208,109,10,20,4,10,0,92,1211,199,1111,208,100,75,0,92,0,92,0,92,0,92,0,92
1400000US08031006811,08031006811,"Census Tract 68.11, Denver County, Colorado",3168,165,1141,185,620,130,310,152,72,53,25,30,94,47,20,26,2027,201,1620,212,407,126,0,92,0,92,0,92,0,92,0,92
1400000US08031006812,08031006812,"Census Tract 68.12, Denver County, Colorado",1556,105,698,89,452,77,66,41,147,33,33,30,0,92,0,92,858,102,784,107,67,46,0,92,7,12,0,92,0,92,0,92
1400000US08031006813,08031006813,"Census Tract 68.13, Denver County, Colorado",2276,166,706,184,391,159,120,98,131,91,64,78,0,92,0,92,1570,253,1142,217,428,144,0,92,0,92,0,92,0,92,0,92
1400000US08031006814,08031006814,"Census Tract 68.14, Denver County, Colorado",1987,163,1260,192,683,179,327,155,147,71,103,86,0,92,0,92,727,169,645,158,65,51,0,92,0,92,17,27,0,92,0,92
1400000US08031006901,08031006901,"Census Tract 69.01, Denver County, Colorado",2687,144,1055,192,619,153,272,134,138,71,26,32,0,92,0,92,1632,215,1410,221,222,97,0,92,0,92,0,92,0,92,0,92
1400000US08031007006,08031007006,"Census Tract 70.06, Denver County, Colorado",2157,207,793,175,218,104,317,141,221,143,0,92,0,92,37,50,1364,225,1055,209,287,144,22,30,0,92,0,92,0,92,0,92
1400000US08031007013,08031007013,"Census Tract 70.13, Denver County, Colorado",1803,67,745,112,416,93,190,87,139,72,0,92,0,92,0,92,1058,118,938,121,120,59,0,92,0,92,0,92,0,92,0,92
1400000US08031007037,08031007037,"Census Tract 70.37, Denver County, Colorado",1566,133,790,143,296,128,204,92,173,76,70,56,23,36,24,23,776,138,553,137,198,82,25,27,0,92,0,92,0,92,0,92
1400000US08031007088,08031007088,"Census Tract 70.88, Denver County, Colorado",2412,153,808,173,525,154,170,108,113,88,0,92,0,92,0,92,1604,188,1353,164,213,96,38,64,0,92,0,92,0,92,0,92
1400000US08031007089,08031007089,"Census Tract 70.89, Denver County, Colorado",3337,183,999,157,811,138,131,86,13,20,44,69,0,92,0,92,2338,211,2212,226,126,87,0,92,0,92,0,92,0,92,0,92
1400000US08031008304,08031008304,"Census Tract 83.04, Denver County, Colorado",880,55,723,102,198,61,200,85,95,67,98,48,107,83,25,22,157,88,127,86,14,23,16,24,0,92,0,92,0,92,0,92
1400000US08031008305,08031008305,"Census Tract 83.05, Denver County, Colorado",967,68,766,81,183,66,66,48,200,83,100,77,140,82,77,56,201,76,158,64,43,54,0,92,0,92,0,92,0,92,0,92
1400000US08031008306,08031008306,"Census Tract 83.06, Denver County, Colorado",1697,84,1339,127,422,121,153,62,289,90,247,84,86,51,142,73,358,91,248,76,110,63,0,92,0,92,0,92,0,92,0,92
1400000US08031008312,08031008312,"Census Tract 83.12, Denver County, Colorado",2285,96,1517,173,513,150,323,154,267,104,285,143,94,66,35,39,768,160,685,160,83,77,0,92,0,92,0,92,0,92,0,92
1400000US08031008386,08031008386,"Census Tract 83.86, Denver County, Colorado",1160,66,987,86,249,123,113,81,228,117,147,88,72,69,178,121,173,71,137,64,16,27,0,92,0,92,20,37,0,92,0,92
1400000US08031008387,08031008387,"Census Tract 83.87, Denver County, Colorado",1540,99,1337,124,342,145,140,100,334,119,222,124,154,81,145,98,203,99,164,89,39,48,0,92,0,92,0,92,0,92,0,92
1400000US08031008388,08031008388,"Census Tract 83.88, Denver County, Colorado",2588,157,1366,206,403,158,460,175,204,111,242,121,39,44,18,28,1222,234,996,239,222,115,4,8,0,92,0,92,0,92,0,92
1400000US08031008389,08031008389,"Census Tract 83.89, Denver County, Colorado",2207,123,1784,179,536,162,244,105,434,154,290,139,214,197,66,61,423,150,252,128,171,86,0,92,0,92,0,92,0,92,0,92
1400000US08031008390,08031008390,"Census Tract 83.90, Denver County, Colorado",2479,155,1946,199,735,218,620,188,278,125,226,110,37,47,50,70,533,172,455,164,63,46,15,23,0,92,0,92,0,92,0,92
1400000US08031008391,08031008391,"Census Tract 83.91, Denver County, Colorado",2311,104,1762,188,513,120,339,147,563,164,265,116,54,79,28,33,549,171,398,159,119,95,32,53,0,92,0,92,0,92,0,92
1400000US08031011902,08031011902,"Census Tract 119.02, Denver County, Colorado",2710,158,1741,198,657,142,286,130,571,213,178,129,5,13,44,46,969,175,759,205,184,112,12,21,14,23,0,92,0,92,0,92
1400000US08031011903,08031011903,"Census Tract 119.03, Denver County, Colorado",877,84,624,96,352,74,100,66,85,49,30,31,0,92,57,49,253,94,184,85,28,26,12,20,0,92,29,45,0,92,0,92
1400000US08031012001,08031012001,"Census Tract 120.01, Denver County, Colorado",1001,78,636,78,384,65,99,55,114,65,13,14,24,27,2,5,365,94,310,92,55,55,0,92,0,92,0,92,0,92,0,92
1400000US08031012010,08031012010,"Census Tract 120.10, Denver County, Colorado",2479,165,1125,182,649,134,227,133,117,78,132,59,0,92,0,92,1354,234,1174,253,148,98,32,49,0,92,0,92,0,92,0,92
1400000US08031012014,08031012014,"Census Tract 120.14, Denver County, Colorado",2769,118,1485,181,665,142,484,166,265,109,60,43,11,18,0,92,1284,169,972,163,278,99,34,34,0,92,0,92,0,92,0,92
1400000US08031015300,08031015300,"Census Tract 153, Denver County, Colorado",2197,171,501,119,348,104,130,83,0,92,0,92,0,92,23,36,1696,163,1408,157,277,134,11,19,0,92,0,92,0,92,0,92
1400000US08031015400,08031015400,"Census Tract 154, Denver County, Colorado",1525,116,852,122,448,105,181,73,54,31,67,63,44,59,58,44,673,126,490,115,172,82,11,16,0,92,0,92,0,92,0,92
1400000US08031015500,08031015500,"Census Tract 155, Denver County, Colorado",1765,88,794,161,381,103,177,91,127,71,109,71,0,92,0,92,971,167,735,172,236,93,0,92,0,92,0,92,0,92,0,92
1400000US08031015600,08031015600,"Census Tract 156, Denver County, Colorado",2004,131,1434,144,472,124,323,127,349,108,140,83,91,58,59,51,570,135,401,116,124,73,36,59,9,14,0,92,0,92,0,92
1400000US08031015700,08031015700,"Census Tract 157, Denver County, Colorado",2180,111,1520,184,516,148,374,162,327,137,177,112,63,77,63,48,660,166,498,144,162,116,0,92,0,92,0,92,0,92,0,92
1400000US08031980000,08031980000,"Census Tract 9800, Denver County, Colorado",520,94,287,89,120,60,96,61,6,10,65,49,0,92,0,92,233,86,212,91,21,26,0,92,0,92,0,92,0,92,0,92
1400000US08031980100,08031980100,"Census Tract 9801, Denver County, Colorado",0,92,0,92,0,92,0,92,0,92,0,92,0,92,0,92,0,92,0,92,0,92,0,92,0,92,0,92,0,92,0,92
