GEO.id,GEO.id2,GEO.display-label,HD01_VD01,HD02_VD01,HD01_VD02,HD02_VD02,HD01_VD03,HD02_VD03,HD01_VD04,HD02_VD04,HD01_VD05,HD02_VD05,HD01_VD06,HD02_VD06,HD01_VD07,HD02_VD07,HD01_VD08,HD02_VD08,HD01_VD09,HD02_VD09,HD01_VD10,HD02_VD10,HD01_VD11,HD02_VD11,HD01_VD12,HD02_VD12,HD01_VD13,HD02_VD13,HD01_VD14,HD02_VD14,HD01_VD15,HD02_VD15,HD01_VD16,HD02_VD16,HD01_VD17,HD02_VD17,HD01_VD18,HD02_VD18,HD01_VD19,HD02_VD19,HD01_VD20,HD02_VD20,HD01_VD21,HD02_VD21,HD01_VD22,HD02_VD22,HD01_VD23,HD02_VD23,HD01_VD24,HD02_VD24
Id,Id2,Geography,Estimate; Total:,Margin of Error; Total:,Estimate; With cash rent:,Margin of Error; With cash rent:,Estimate; With cash rent: - Less than $100,Margin of Error; With cash rent: - Less than $100,Estimate; With cash rent: - $100 to $149,Margin of Error; With cash rent: - $100 to $149,Estimate; With cash rent: - $150 to $199,Margin of Error; With cash rent: - $150 to $199,Estimate; With cash rent: - $200 to $249,Margin of Error; With cash rent: - $200 to $249,Estimate; With cash rent: - $250 to $299,Margin of Error; With cash rent: - $250 to $299,Estimate; With cash rent: - $300 to $349,Margin of Error; With cash rent: - $300 to $349,Estimate; With cash rent: - $350 to $399,Margin of Error; With cash rent: - $350 to $399,Estimate; With cash rent: - $400 to $449,Margin of Error; With cash rent: - $400 to $449,Estimate; With cash rent: - $450 to $499,Margin of Error; With cash rent: - $450 to $499,Estimate; With cash rent: - $500 to $549,Margin of Error; With cash rent: - $500 to $549,Estimate; With cash rent: - $550 to $599,Margin of Error; With cash rent: - $550 to $599,Estimate; With cash rent: - $600 to $649,Margin of Error; With cash rent: - $600 to $649,Estimate; With cash rent: - $650 to $699,Margin of Error; With cash rent: - $650 to $699,Estimate; With cash rent: - $700 to $749,Margin of Error; With cash rent: - $700 to $749,Estimate; With cash rent: - $750 to $799,Margin of Error; With cash rent: - $750 to $799,Estimate; With cash rent: - $800 to $899,Margin of Error; With cash rent: - $800 to $899,Estimate; With cash rent: - $900 to $999,Margin of Error; With cash rent: - $900 to $999,"Estimate; With cash rent: - $1,000 to $1,249","Margin of Error; With cash rent: - $1,000 to $1,249","Estimate; With cash rent: - $1,250 to $1,499","Margin of Error; With cash rent: - $1,250 to $1,499","Estimate; With cash rent: - $1,500 to $1,999","Margin of Error; With cash rent: - $1,500 to $1,999","Estimate; With cash rent: - $2,000 or more","Margin of Error; With cash rent: - $2,000 or more",Estimate; No cash rent,Margin of Error; No cash rent
1400000US08031000102,08031000102,"Census Tract 1.02, Denver County, Colorado",442,104,406,98,0,92,0,92,9,15,0,92,0,92,0,92,0,92,0,92,0,92,0,92,34,30,19,22,34,39,29,26,10,16,89,72,37,34,73,54,9,14,63,50,0,92,36,42
1400000US08031000201,08031000201,"Census Tract 2.01, Denver County, Colorado",335,108,335,108,0,92,0,92,0,92,0,92,0,92,0,92,0,92,0,92,0,92,21,23,12,19,0,92,0,92,24,28,12,18,94,68,6,10,80,62,37,28,31,51,18,20,0,92
1400000US08031000202,08031000202,"Census Tract 2.02, Denver County, Colorado",583,124,583,124,8,13,7,11,114,81,25,24,10,16,0,92,9,14,2,9,0,92,0,92,24,28,7,12,23,35,47,44,24,37,67,55,30,28,49,53,105,76,32,33,0,92,0,92
1400000US08031000301,08031000301,"Census Tract 3.01, Denver County, Colorado",882,186,870,189,0,92,0,92,50,76,75,72,59,70,0,92,12,19,0,92,10,16,126,105,12,21,0,92,93,93,147,105,39,62,25,27,70,47,73,48,56,52,23,34,0,92,12,19
1400000US08031000302,08031000302,"Census Tract 3.02, Denver County, Colorado",508,127,494,125,0,92,0,92,0,92,0,92,0,92,0,92,0,92,0,92,0,92,0,92,0,92,50,65,10,16,22,25,0,92,159,92,24,27,128,56,49,59,43,36,9,14,14,23
1400000US08031000303,08031000303,"Census Tract 3.03, Denver County, Colorado",676,182,676,182,0,92,0,92,0,92,0,92,0,92,0,92,42,49,51,49,0,92,50,81,56,65,20,30,15,24,16,25,16,25,106,83,47,76,113,92,82,60,51,41,11,19,0,92
1400000US08031000401,08031000401,"Census Tract 4.01, Denver County, Colorado",674,117,666,122,0,92,0,92,9,16,77,44,0,92,0,92,0,92,0,92,0,92,37,50,30,46,67,60,39,40,23,26,27,31,70,62,80,80,112,78,85,77,10,16,0,92,8,15
1400000US08031000402,08031000402,"Census Tract 4.02, Denver County, Colorado",1118,237,1066,231,0,92,0,92,0,92,12,21,0,92,7,11,0,92,53,60,46,74,0,92,105,102,105,72,12,19,13,20,85,84,93,79,99,60,150,86,50,41,119,89,117,78,52,64
1400000US08031000501,08031000501,"Census Tract 5.01, Denver County, Colorado",268,75,268,75,0,92,0,92,0,92,0,92,0,92,0,92,0,92,0,92,11,17,12,18,0,92,9,11,0,92,23,26,22,24,17,27,36,46,51,48,12,13,62,41,13,20,0,92
1400000US08031000502,08031000502,"Census Tract 5.02, Denver County, Colorado",1139,182,1122,183,34,55,21,36,18,29,46,42,120,107,29,33,73,52,56,44,12,20,65,51,87,76,37,59,84,68,20,30,83,70,96,91,73,69,132,82,13,21,23,35,0,92,17,30
1400000US08031000600,08031000600,"Census Tract 6, Denver County, Colorado",720,113,720,113,0,92,0,92,0,92,25,26,0,92,0,92,7,11,0,92,30,49,125,72,80,63,68,51,25,23,84,67,8,8,55,44,83,59,62,34,46,49,22,34,0,92,0,92
1400000US08031000701,08031000701,"Census Tract 7.01, Denver County, Colorado",1262,114,1253,114,0,92,0,92,24,26,34,34,72,36,23,27,138,83,28,26,88,58,59,35,36,44,38,34,94,79,74,64,88,80,201,81,99,69,116,76,16,24,25,23,0,92,9,14
1400000US08031000702,08031000702,"Census Tract 7.02, Denver County, Colorado",1510,188,1510,188,67,74,0,92,119,126,113,101,15,25,0,92,0,92,49,64,0,92,24,28,91,86,88,82,51,63,227,131,95,74,76,69,111,86,197,124,173,122,14,24,0,92,0,92
1400000US08031000800,08031000800,"Census Tract 8, Denver County, Colorado",493,30,493,30,127,63,58,56,67,59,101,74,11,13,22,36,7,15,0,92,11,16,0,92,0,92,39,36,14,26,0,92,0,92,0,92,0,92,8,14,28,42,0,92,0,92,0,92
1400000US08031000902,08031000902,"Census Tract 9.02, Denver County, Colorado",410,121,393,119,0,92,0,92,0,92,39,49,7,11,0,92,10,16,0,92,0,92,0,92,15,20,0,92,18,30,0,92,0,92,29,33,8,12,155,88,66,52,46,47,0,92,17,19
1400000US08031000903,08031000903,"Census Tract 9.03, Denver County, Colorado",706,157,682,159,0,92,7,11,0,92,0,92,0,92,0,92,3,9,9,14,23,37,38,52,8,13,84,45,26,32,0,92,63,52,129,83,22,23,104,65,166,91,0,92,0,92,24,27
1400000US08031000904,08031000904,"Census Tract 9.04, Denver County, Colorado",1273,147,1273,147,36,46,0,92,67,57,134,64,21,23,26,32,10,15,42,50,22,34,130,82,25,30,42,39,65,51,83,46,117,68,162,89,163,69,75,53,53,42,0,92,0,92,0,92
1400000US08031000905,08031000905,"Census Tract 9.05, Denver County, Colorado",552,105,493,99,0,92,0,92,0,92,0,92,0,92,0,92,12,21,0,92,0,92,0,92,44,49,22,26,8,13,56,56,70,58,9,16,98,66,61,50,104,78,9,15,0,92,59,52
1400000US08031001000,08031001000,"Census Tract 10, Denver County, Colorado",704,102,664,106,0,92,23,35,23,36,83,78,28,46,55,56,40,50,72,54,0,92,28,46,7,10,49,56,34,43,9,14,36,48,0,92,67,66,63,60,47,59,0,92,0,92,40,42
1400000US08031001101,08031001101,"Census Tract 11.01, Denver County, Colorado",456,97,445,97,22,18,50,54,13,21,4,7,36,54,27,32,0,92,0,92,0,92,0,92,28,31,14,21,0,92,0,92,89,58,39,36,23,27,60,54,0,92,40,32,0,92,11,18
1400000US08031001102,08031001102,"Census Tract 11.02, Denver County, Colorado",707,106,707,106,0,92,0,92,22,25,17,19,21,34,35,43,0,92,17,18,9,13,22,34,0,92,7,13,0,92,13,16,0,92,87,55,68,57,150,72,141,70,92,50,6,10,0,92
1400000US08031001301,08031001301,"Census Tract 13.01, Denver County, Colorado",543,112,513,116,0,92,0,92,0,92,0,92,0,92,10,16,0,92,0,92,0,92,0,92,19,31,0,92,61,60,30,48,24,28,95,80,12,18,116,77,119,84,0,92,27,39,30,31
1400000US08031001302,08031001302,"Census Tract 13.02, Denver County, Colorado",452,121,435,124,0,92,0,92,18,36,0,92,10,15,0,92,0,92,0,92,0,92,0,92,0,92,0,92,0,92,79,74,0,92,20,24,0,92,171,101,137,65,0,92,0,92,17,20
1400000US08031001401,08031001401,"Census Tract 14.01, Denver County, Colorado",954,146,945,145,8,12,18,29,80,51,82,54,91,59,20,22,8,14,0,92,0,92,22,24,71,62,0,92,39,44,43,55,35,54,58,63,24,39,138,84,168,93,40,35,0,92,9,15
1400000US08031001402,08031001402,"Census Tract 14.02, Denver County, Colorado",687,140,666,144,0,92,26,35,53,55,63,37,30,24,11,17,0,92,0,92,31,49,11,17,0,92,89,66,8,14,86,77,83,76,0,92,0,92,127,94,40,39,8,12,0,92,21,25
1400000US08031001403,08031001403,"Census Tract 14.03, Denver County, Colorado",709,116,709,116,0,92,0,92,0,92,0,92,0,92,0,92,0,92,0,92,13,19,38,48,37,44,91,76,24,29,105,65,12,19,27,30,37,37,181,120,120,84,14,20,10,19,0,92
1400000US08031001500,08031001500,"Census Tract 15, Denver County, Colorado",614,125,597,126,0,92,0,92,0,92,0,92,0,92,9,13,8,13,0,92,61,53,30,38,0,92,44,31,89,57,40,39,69,49,30,38,77,51,122,72,18,28,0,92,0,92,17,27
1400000US08031001600,08031001600,"Census Tract 16, Denver County, Colorado",2343,227,2290,224,20,33,0,92,0,92,0,92,0,92,0,92,0,92,0,92,12,18,49,54,85,67,65,61,31,36,93,68,24,27,224,106,198,113,521,189,335,129,546,173,87,71,53,65
1400000US08031001701,08031001701,"Census Tract 17.01, Denver County, Colorado",1785,215,1704,210,29,44,0,92,84,51,119,68,120,90,0,92,11,18,12,20,35,32,22,27,0,92,23,24,0,92,14,23,15,23,27,32,10,15,189,93,171,81,535,125,288,147,81,54
1400000US08031001702,08031001702,"Census Tract 17.02, Denver County, Colorado",1500,197,1488,196,50,74,0,92,0,92,65,46,22,36,25,31,36,44,36,28,144,113,11,18,17,21,26,32,0,92,102,77,0,92,223,118,31,31,317,106,87,59,97,57,199,126,12,18
1400000US08031001800,08031001800,"Census Tract 18, Denver County, Colorado",1254,131,1232,131,47,52,0,92,163,82,99,76,65,49,36,42,37,42,10,16,9,15,0,92,0,92,9,15,32,30,33,34,38,35,42,47,75,52,172,67,326,96,39,33,0,92,22,20
1400000US08031001901,08031001901,"Census Tract 19.01, Denver County, Colorado",674,108,674,108,76,59,54,51,67,46,70,59,70,48,16,21,42,40,34,33,42,42,26,33,3,6,11,18,19,30,21,26,0,92,28,39,0,92,75,48,13,24,1,8,6,19,0,92
1400000US08031001902,08031001902,"Census Tract 19.02, Denver County, Colorado",34,20,34,20,0,92,0,92,0,92,0,92,0,92,0,92,0,92,0,92,0,92,0,92,0,92,0,92,0,92,0,92,0,92,0,92,0,92,9,15,0,92,25,22,0,92,0,92
1400000US08031002000,08031002000,"Census Tract 20, Denver County, Colorado",715,131,705,126,95,67,0,92,13,20,16,26,15,23,0,92,0,92,52,73,45,41,15,28,0,92,9,14,0,92,32,50,31,40,18,30,20,36,90,56,99,72,134,80,21,25,10,17
1400000US08031002100,08031002100,"Census Tract 21, Denver County, Colorado",1194,233,1181,236,0,92,0,92,0,92,64,44,58,59,39,61,61,59,11,18,15,23,87,83,13,21,182,102,53,64,114,87,23,29,59,59,56,61,56,58,103,77,125,93,62,73,13,23
1400000US08031002300,08031002300,"Census Tract 23, Denver County, Colorado",921,179,884,175,72,52,0,92,30,41,35,30,0,92,13,19,54,49,0,92,77,56,42,44,0,92,63,71,48,48,14,21,41,65,81,55,43,34,153,95,21,29,97,77,0,92,37,33
1400000US08031002402,08031002402,"Census Tract 24.02, Denver County, Colorado",350,64,350,64,43,39,40,43,20,26,14,17,26,22,0,92,0,92,9,14,13,19,13,15,42,37,0,92,7,11,13,21,37,39,14,19,0,92,11,17,10,15,38,33,0,92,0,92
1400000US08031002403,08031002403,"Census Tract 24.03, Denver County, Colorado",990,163,916,158,84,77,22,34,86,64,39,34,58,30,92,66,34,33,29,31,29,45,16,25,39,63,11,15,0,92,89,79,0,92,114,70,46,43,28,23,94,73,0,92,6,10,74,64
1400000US08031002601,08031002601,"Census Tract 26.01, Denver County, Colorado",2044,132,2009,138,109,68,37,56,47,39,147,90,36,34,13,21,30,34,81,78,53,54,97,74,168,98,69,63,85,68,100,81,144,64,42,39,185,130,259,106,186,114,105,96,16,25,35,37
1400000US08031002602,08031002602,"Census Tract 26.02, Denver County, Colorado",1042,131,1042,131,0,92,0,92,0,92,51,50,0,92,8,12,0,92,0,92,0,92,82,85,65,48,6,11,96,67,88,64,0,92,10,17,69,43,288,94,90,64,167,82,22,33,0,92
1400000US08031002701,08031002701,"Census Tract 27.01, Denver County, Colorado",2801,248,2775,255,14,22,12,19,29,29,30,36,56,40,44,52,0,92,139,110,92,57,198,122,239,108,321,130,358,153,223,99,217,94,195,108,291,134,251,127,66,59,0,92,0,92,26,28
1400000US08031002702,08031002702,"Census Tract 27.02, Denver County, Colorado",2400,206,2388,204,42,38,0,92,47,44,16,26,0,92,16,25,0,92,92,77,27,30,98,74,203,122,129,95,226,92,215,100,162,125,407,136,288,131,301,142,90,60,29,32,0,92,12,19
1400000US08031002703,08031002703,"Census Tract 27.03, Denver County, Colorado",2621,207,2591,210,0,92,0,92,33,46,67,50,0,92,0,92,15,23,98,96,259,94,106,61,138,94,290,126,390,168,361,160,162,96,325,152,144,88,69,47,105,95,29,34,0,92,30,35
1400000US08031002801,08031002801,"Census Tract 28.01, Denver County, Colorado",938,138,938,138,0,92,0,92,0,92,0,92,9,14,0,92,0,92,0,92,0,92,157,98,43,28,22,18,29,26,34,42,32,41,167,99,102,68,155,75,55,39,90,54,43,44,0,92
1400000US08031002802,08031002802,"Census Tract 28.02, Denver County, Colorado",1773,206,1764,206,0,92,0,92,27,25,58,71,14,22,0,92,11,19,19,16,12,21,129,104,117,78,270,138,150,77,222,118,68,57,85,61,161,97,176,92,128,91,117,76,0,92,9,14
1400000US08031002803,08031002803,"Census Tract 28.03, Denver County, Colorado",2088,212,2076,211,12,19,0,92,0,92,0,92,13,20,0,92,0,92,0,92,71,65,32,38,130,82,177,102,283,146,244,118,90,64,279,88,251,98,215,118,58,47,103,93,118,68,12,18
1400000US08031002901,08031002901,"Census Tract 29.01, Denver County, Colorado",856,121,856,121,0,92,0,92,0,92,7,10,0,92,23,38,0,92,0,92,27,42,8,12,127,70,94,55,29,29,6,10,94,66,67,49,54,51,148,68,93,62,79,61,0,92,0,92
1400000US08031002902,08031002902,"Census Tract 29.02, Denver County, Colorado",545,116,524,116,0,92,0,92,0,92,0,92,10,16,0,92,0,92,0,92,22,35,19,21,10,16,82,69,11,18,0,92,54,53,34,33,22,17,114,74,62,56,33,27,51,49,21,23
1400000US08031003001,08031003001,"Census Tract 30.01, Denver County, Colorado",1057,215,1057,215,0,92,0,92,0,92,23,34,36,49,13,22,14,22,0,92,0,92,15,25,0,92,89,118,51,64,73,44,47,61,205,114,104,76,73,75,80,62,122,70,112,73,0,92
1400000US08031003002,08031003002,"Census Tract 30.02, Denver County, Colorado",620,114,602,112,0,92,0,92,0,92,0,92,11,18,0,92,0,92,11,16,10,15,10,12,10,16,6,10,33,25,16,18,69,58,90,64,96,60,129,62,37,44,50,40,24,27,18,20
1400000US08031003003,08031003003,"Census Tract 30.03, Denver County, Colorado",646,108,635,108,0,92,0,92,0,92,0,92,0,92,0,92,0,92,0,92,0,92,26,41,78,63,66,52,24,29,7,11,39,35,29,28,50,45,81,56,96,50,85,60,54,61,11,17
1400000US08031003004,08031003004,"Census Tract 30.04, Denver County, Colorado",1225,162,1194,163,0,92,0,92,18,21,20,25,0,92,0,92,0,92,11,18,0,92,0,92,13,23,34,27,33,26,129,84,78,62,147,95,265,127,130,73,104,83,212,112,0,92,31,30
1400000US08031003101,08031003101,"Census Tract 31.01, Denver County, Colorado",254,92,254,92,0,92,0,92,0,92,20,24,21,25,0,92,0,92,0,92,0,92,0,92,18,21,0,92,47,50,27,44,5,7,55,58,34,27,0,92,8,13,10,14,9,14,0,92
1400000US08031003102,08031003102,"Census Tract 31.02, Denver County, Colorado",1334,141,1325,142,21,25,10,20,66,45,161,76,52,42,67,60,40,56,99,58,98,79,69,58,53,37,78,55,98,57,55,40,35,32,131,67,33,38,58,48,58,44,31,29,12,17,9,14
1400000US08031003201,08031003201,"Census Tract 32.01, Denver County, Colorado",2296,260,2247,263,17,27,19,40,70,74,35,40,0,92,19,31,0,92,41,47,180,125,130,93,174,80,195,137,150,91,66,55,361,191,358,147,101,76,124,70,141,104,31,37,35,40,49,45
1400000US08031003202,08031003202,"Census Tract 32.02, Denver County, Colorado",1381,152,1319,156,0,92,0,92,11,18,0,92,0,92,37,30,0,92,63,42,52,72,82,57,74,61,176,95,75,61,89,72,31,25,111,92,71,54,201,70,125,77,110,76,11,18,62,67
1400000US08031003203,08031003203,"Census Tract 32.03, Denver County, Colorado",205,67,205,67,0,92,0,92,0,92,0,92,0,92,0,92,0,92,0,92,0,92,13,14,0,92,8,13,0,92,0,92,7,11,52,50,0,92,69,53,39,38,0,92,17,30,0,92
1400000US08031003300,08031003300,"Census Tract 33, Denver County, Colorado",348,87,316,85,0,92,0,92,0,92,0,92,0,92,0,92,0,92,0,92,0,92,9,14,12,19,10,17,0,92,12,19,0,92,0,92,7,12,65,40,102,56,62,44,37,50,32,31
1400000US08031003401,08031003401,"Census Tract 34.01, Denver County, Colorado",356,97,345,95,0,92,0,92,0,92,0,92,0,92,0,92,0,92,0,92,0,92,0,92,11,17,10,16,0,92,0,92,17,26,89,61,11,17,28,30,66,46,75,55,38,53,11,18
1400000US08031003402,08031003402,"Census Tract 34.02, Denver County, Colorado",385,78,377,80,0,92,0,92,0,92,0,92,0,92,0,92,0,92,0,92,0,92,9,16,0,92,0,92,13,19,0,92,0,92,0,92,16,20,79,66,71,50,110,62,79,41,8,13
1400000US08031003500,08031003500,"Census Tract 35, Denver County, Colorado",851,138,805,132,0,92,0,92,0,92,0,92,14,15,0,92,0,92,0,92,0,92,16,25,72,69,39,37,20,27,65,52,72,51,148,67,24,21,130,66,138,87,67,51,0,92,46,34
1400000US08031003601,08031003601,"Census Tract 36.01, Denver County, Colorado",829,144,819,146,15,25,11,17,28,30,21,24,21,34,8,13,9,16,96,62,0,92,41,40,37,44,67,54,43,43,25,32,24,27,49,39,53,40,173,85,42,39,56,45,0,92,10,14
1400000US08031003602,08031003602,"Census Tract 36.02, Denver County, Colorado",609,91,594,91,0,92,0,92,14,16,116,64,6,10,0,92,0,92,0,92,11,17,0,92,8,14,23,27,29,27,21,23,93,58,35,44,52,47,95,57,64,70,21,26,6,11,15,17
1400000US08031003603,08031003603,"Census Tract 36.03, Denver County, Colorado",452,126,452,126,0,92,0,92,14,22,35,32,0,92,8,14,12,18,26,22,11,18,12,19,0,92,0,92,60,63,12,19,0,92,34,54,84,71,71,46,0,92,73,73,0,92,0,92
1400000US08031003701,08031003701,"Census Tract 37.01, Denver County, Colorado",744,126,726,126,0,92,0,92,0,92,0,92,8,13,0,92,0,92,8,14,0,92,134,83,92,64,61,44,30,35,35,28,42,32,100,55,34,40,102,67,33,28,47,29,0,92,18,27
1400000US08031003702,08031003702,"Census Tract 37.02, Denver County, Colorado",1805,212,1705,214,9,14,0,92,54,43,15,23,0,92,34,48,26,41,0,92,61,72,38,36,223,116,119,80,163,85,141,82,136,90,223,122,137,87,102,76,146,92,17,26,61,46,100,88
1400000US08031003703,08031003703,"Census Tract 37.03, Denver County, Colorado",795,145,795,145,0,92,0,92,0,92,0,92,0,92,0,92,8,13,22,27,0,92,142,82,51,53,45,43,41,41,149,91,36,27,49,57,116,67,59,37,33,26,11,18,33,32,0,92
1400000US08031003800,08031003800,"Census Tract 38, Denver County, Colorado",1692,221,1657,216,0,92,0,92,41,65,84,52,13,22,59,69,58,46,28,23,91,76,15,25,0,92,27,31,13,22,35,57,25,36,92,54,86,55,419,146,220,121,131,73,220,109,35,38
1400000US08031003901,08031003901,"Census Tract 39.01, Denver County, Colorado",251,120,238,120,0,92,0,92,0,92,0,92,0,92,0,92,0,92,0,92,0,92,0,92,0,92,0,92,0,92,0,92,0,92,0,92,13,22,36,28,12,20,121,99,56,40,13,20
1400000US08031003902,08031003902,"Census Tract 39.02, Denver County, Colorado",460,116,422,111,0,92,0,92,0,92,0,92,0,92,0,92,0,92,0,92,12,18,0,92,0,92,0,92,12,19,0,92,0,92,17,26,29,26,21,24,97,47,179,89,55,45,38,28
1400000US08031004002,08031004002,"Census Tract 40.02, Denver County, Colorado",177,75,168,74,0,92,0,92,0,92,0,92,0,92,0,92,0,92,0,92,0,92,0,92,0,92,10,14,0,92,0,92,0,92,0,92,0,92,83,66,23,26,26,24,26,23,9,14
1400000US08031004003,08031004003,"Census Tract 40.03, Denver County, Colorado",472,111,430,107,0,92,0,92,0,92,0,92,0,92,0,92,0,92,0,92,8,12,0,92,0,92,0,92,0,92,9,15,37,53,0,92,0,92,191,103,129,73,56,49,0,92,42,33
1400000US08031004004,08031004004,"Census Tract 40.04, Denver County, Colorado",85,54,71,52,0,92,0,92,0,92,0,92,0,92,0,92,0,92,0,92,0,92,0,92,0,92,0,92,0,92,0,92,0,92,0,92,9,15,22,25,9,21,31,37,0,92,14,20
1400000US08031004005,08031004005,"Census Tract 40.05, Denver County, Colorado",1032,117,1006,115,0,92,0,92,0,92,0,92,0,92,0,92,26,39,0,92,0,92,22,21,33,27,97,50,138,73,31,23,103,71,138,62,63,50,43,31,70,51,125,66,117,52,26,41
1400000US08031004006,08031004006,"Census Tract 40.06, Denver County, Colorado",876,131,828,130,0,92,0,92,0,92,0,92,0,92,0,92,13,22,12,21,0,92,45,49,23,30,34,51,47,47,51,46,29,33,186,85,87,66,69,51,124,88,41,42,67,65,48,55
1400000US08031004101,08031004101,"Census Tract 41.01, Denver County, Colorado",831,151,813,148,0,92,0,92,11,19,33,32,0,92,20,24,34,50,0,92,10,17,20,30,40,35,0,92,65,62,46,51,46,41,188,81,105,75,66,67,66,43,23,35,40,59,18,26
1400000US08031004102,08031004102,"Census Tract 41.02, Denver County, Colorado",547,127,547,127,0,92,0,92,16,26,0,92,0,92,39,51,11,19,0,92,18,26,0,92,0,92,49,50,10,16,35,39,0,92,53,49,118,84,98,55,56,62,44,35,0,92,0,92
1400000US08031004103,08031004103,"Census Tract 41.03, Denver County, Colorado",309,119,292,114,0,92,0,92,0,92,0,92,0,92,0,92,0,92,0,92,14,22,0,92,12,18,0,92,0,92,0,92,0,92,14,25,52,61,84,65,23,37,93,78,0,92,17,28
1400000US08031004104,08031004104,"Census Tract 41.04, Denver County, Colorado",434,123,381,121,0,92,0,92,0,92,8,13,15,24,20,23,0,92,0,92,0,92,0,92,0,92,9,14,0,92,0,92,0,92,49,56,37,46,116,65,95,72,32,46,0,92,53,42
1400000US08031004106,08031004106,"Census Tract 41.06, Denver County, Colorado",352,134,334,129,0,92,0,92,0,92,0,92,0,92,6,10,0,92,0,92,10,18,0,92,0,92,0,92,0,92,0,92,36,53,0,92,0,92,17,19,12,20,164,93,89,63,18,30
1400000US08031004107,08031004107,"Census Tract 41.07, Denver County, Colorado",507,131,504,131,0,92,20,31,0,92,0,92,0,92,0,92,0,92,0,92,6,16,0,92,0,92,9,15,12,20,0,92,0,92,55,56,28,45,172,113,72,60,122,71,8,13,3,6
1400000US08031004201,08031004201,"Census Tract 42.01, Denver County, Colorado",519,95,486,96,0,92,0,92,9,15,0,92,0,92,11,19,0,92,25,29,0,92,26,41,111,77,9,14,0,92,24,27,0,92,55,57,32,30,69,72,43,34,51,34,21,24,33,32
1400000US08031004202,08031004202,"Census Tract 42.02, Denver County, Colorado",127,59,119,61,0,92,0,92,0,92,0,92,0,92,0,92,0,92,0,92,0,92,0,92,0,92,0,92,0,92,24,39,0,92,16,18,8,13,0,92,21,22,46,36,4,8,8,13
1400000US08031004301,08031004301,"Census Tract 43.01, Denver County, Colorado",1570,219,1570,219,0,92,0,92,35,41,10,16,0,92,10,17,38,39,30,35,93,87,134,88,197,127,95,61,262,155,69,51,133,91,251,142,113,83,62,56,24,30,14,23,0,92,0,92
1400000US08031004302,08031004302,"Census Tract 43.02, Denver County, Colorado",432,100,432,100,0,92,0,92,9,14,0,92,0,92,0,92,0,92,0,92,18,25,0,92,0,92,0,92,7,12,27,37,14,16,52,34,7,11,91,56,107,71,72,69,28,45,0,92
1400000US08031004303,08031004303,"Census Tract 43.03, Denver County, Colorado",81,40,81,40,0,92,0,92,0,92,0,92,0,92,0,92,0,92,0,92,0,92,0,92,0,92,0,92,0,92,0,92,0,92,0,92,0,92,8,12,0,92,30,26,43,27,0,92
1400000US08031004304,08031004304,"Census Tract 43.04, Denver County, Colorado",831,231,813,230,0,92,0,92,0,92,0,92,0,92,0,92,0,92,0,92,0,92,0,92,0,92,73,96,46,70,15,24,52,77,108,86,59,51,114,102,257,116,72,85,17,27,18,28
1400000US08031004306,08031004306,"Census Tract 43.06, Denver County, Colorado",798,158,724,168,0,92,0,92,0,92,0,92,0,92,0,92,0,92,0,92,0,92,14,20,0,92,0,92,26,30,15,24,14,22,93,64,78,51,232,119,86,70,96,101,70,78,74,73
1400000US08031004403,08031004403,"Census Tract 44.03, Denver County, Colorado",1053,132,1041,133,6,11,0,92,0,92,34,50,10,15,0,92,13,21,0,92,0,92,28,28,22,35,25,32,91,81,75,50,122,76,158,61,190,99,186,81,29,27,41,44,11,17,12,18
1400000US08031004404,08031004404,"Census Tract 44.04, Denver County, Colorado",1595,183,1547,191,0,92,39,65,0,92,0,92,0,92,0,92,11,18,0,92,68,58,130,80,145,103,15,28,177,118,173,115,141,108,168,108,210,143,120,79,112,95,38,46,0,92,48,58
1400000US08031004405,08031004405,"Census Tract 44.05, Denver County, Colorado",2044,186,2031,186,8,12,0,92,0,92,75,63,8,13,28,33,11,17,36,28,13,21,0,92,35,57,52,55,123,85,8,13,33,29,201,101,288,141,588,181,220,103,156,82,148,87,13,21
1400000US08031004503,08031004503,"Census Tract 45.03, Denver County, Colorado",684,142,684,142,0,92,0,92,0,92,0,92,0,92,17,26,0,92,2,8,0,92,9,15,0,92,112,101,11,18,66,72,146,119,82,73,3,11,131,102,69,74,36,54,0,92,0,92
1400000US08031004504,08031004504,"Census Tract 45.04, Denver County, Colorado",509,121,497,119,0,92,38,58,0,92,57,66,0,92,12,18,0,92,0,92,0,92,34,51,0,92,40,51,14,22,12,19,50,56,79,62,0,92,148,95,0,92,0,92,13,21,12,19
1400000US08031004505,08031004505,"Census Tract 45.05, Denver County, Colorado",646,166,623,168,0,92,0,92,0,92,0,92,0,92,0,92,0,92,63,72,0,92,0,92,47,56,39,40,46,52,0,92,0,92,36,34,107,93,258,135,27,43,0,92,0,92,23,36
1400000US08031004506,08031004506,"Census Tract 45.06, Denver County, Colorado",623,134,594,134,78,67,20,32,30,37,24,27,0,92,0,92,0,92,32,50,0,92,14,22,0,92,41,60,50,59,21,29,32,45,84,57,96,67,32,37,27,41,13,21,0,92,29,38
1400000US08031004601,08031004601,"Census Tract 46.01, Denver County, Colorado",291,98,282,98,0,92,0,92,0,92,0,92,26,41,0,92,0,92,0,92,0,92,0,92,27,42,0,92,9,14,0,92,28,29,46,55,11,16,49,29,75,66,11,17,0,92,9,14
1400000US08031004602,08031004602,"Census Tract 46.02, Denver County, Colorado",1005,182,901,178,50,58,0,92,16,26,9,15,0,92,16,14,13,20,0,92,13,21,129,94,12,20,38,59,122,109,0,92,45,45,60,65,222,142,13,20,73,68,70,95,0,92,104,87
1400000US08031004603,08031004603,"Census Tract 46.03, Denver County, Colorado",593,143,552,145,0,92,0,92,0,92,0,92,0,92,0,92,0,92,0,92,6,11,25,40,0,92,65,54,32,51,26,40,36,28,0,92,37,36,125,86,144,76,56,51,0,92,41,50
1400000US08031004700,08031004700,"Census Tract 47, Denver County, Colorado",896,189,878,196,0,92,0,92,0,92,0,92,0,92,0,92,0,92,0,92,0,92,0,92,14,26,156,108,65,75,81,79,213,134,91,78,12,19,166,114,65,80,0,92,15,25,18,29
1400000US08031004801,08031004801,"Census Tract 48.01, Denver County, Colorado",104,68,104,68,0,92,0,92,0,92,0,92,0,92,0,92,0,92,0,92,0,92,0,92,0,92,0,92,0,92,0,92,0,92,0,92,0,92,0,92,62,55,42,45,0,92,0,92
1400000US08031005001,08031005001,"Census Tract 50.01, Denver County, Colorado",231,76,231,76,0,92,0,92,13,21,0,92,0,92,11,17,0,92,0,92,0,92,0,92,27,32,0,92,7,13,0,92,0,92,0,92,14,21,112,68,37,28,10,18,0,92,0,92
1400000US08031005002,08031005002,"Census Tract 50.02, Denver County, Colorado",2362,187,2331,177,0,92,0,92,92,77,67,60,0,92,39,48,12,21,11,18,11,18,11,19,222,118,240,125,166,103,91,79,157,102,463,173,286,139,198,118,134,110,90,76,41,41,31,36
1400000US08031005102,08031005102,"Census Tract 51.02, Denver County, Colorado",323,81,285,79,0,92,0,92,0,92,8,12,0,92,6,10,0,92,0,92,0,92,7,14,5,9,51,56,42,39,64,53,0,92,9,15,23,37,7,13,63,41,0,92,0,92,38,40
1400000US08031005104,08031005104,"Census Tract 51.04, Denver County, Colorado",1182,123,1182,123,0,92,0,92,20,23,0,92,23,35,0,92,5,8,0,92,38,27,187,97,95,59,165,119,64,43,115,67,88,50,109,58,147,65,68,44,25,26,33,45,0,92,0,92
1400000US08031005200,08031005200,"Census Tract 52, Denver County, Colorado",198,65,179,63,0,92,0,92,0,92,0,92,0,92,0,92,0,92,0,92,0,92,0,92,0,92,0,92,0,92,0,92,0,92,62,34,12,18,8,12,55,52,29,28,13,14,19,22
1400000US08031005300,08031005300,"Census Tract 53, Denver County, Colorado",397,70,397,70,0,92,0,92,0,92,0,92,12,19,10,17,16,17,11,16,0,92,0,92,5,9,38,49,22,24,0,92,31,49,107,67,5,7,10,16,61,52,61,56,8,14,0,92
1400000US08031005502,08031005502,"Census Tract 55.02, Denver County, Colorado",262,71,257,71,0,92,0,92,0,92,0,92,0,92,0,92,0,92,0,92,0,92,0,92,0,92,0,92,0,92,0,92,0,92,6,11,54,58,152,68,9,14,36,38,0,92,5,7
1400000US08031005503,08031005503,"Census Tract 55.03, Denver County, Colorado",244,90,244,90,0,92,8,13,11,17,27,25,0,92,24,35,27,31,0,92,0,92,0,92,0,92,19,22,0,92,0,92,14,23,0,92,0,92,38,45,33,50,0,92,43,40,0,92
1400000US08031006701,08031006701,"Census Tract 67.01, Denver County, Colorado",1111,121,1082,126,0,92,0,92,0,92,0,92,0,92,0,92,0,92,0,92,0,92,0,92,26,40,0,92,0,92,0,92,0,92,97,55,114,54,500,116,222,93,123,74,0,92,29,46
1400000US08031006804,08031006804,"Census Tract 68.04, Denver County, Colorado",520,103,520,103,0,92,0,92,0,92,0,92,0,92,13,20,0,92,0,92,0,92,0,92,0,92,0,92,0,92,9,14,27,25,46,30,22,23,196,85,116,59,91,56,0,92,0,92
1400000US08031006809,08031006809,"Census Tract 68.09, Denver County, Colorado",1506,193,1506,193,0,92,11,22,13,20,53,44,11,19,27,47,0,92,0,92,12,20,10,16,0,92,13,21,69,69,118,98,114,81,409,151,162,95,293,138,107,94,76,68,8,15,0,92
1400000US08031006810,08031006810,"Census Tract 68.10, Denver County, Colorado",935,195,935,195,0,92,0,92,0,92,0,92,0,92,0,92,0,92,0,92,0,92,0,92,102,68,82,48,0,92,76,51,60,69,191,99,115,72,190,102,93,93,26,50,0,92,0,92
1400000US08031006811,08031006811,"Census Tract 68.11, Denver County, Colorado",1680,177,1640,183,13,22,0,92,0,92,0,92,0,92,0,92,0,92,13,21,29,32,13,21,270,122,189,99,313,167,123,70,53,43,192,102,210,112,167,110,0,92,28,34,27,31,40,38
1400000US08031006812,08031006812,"Census Tract 68.12, Denver County, Colorado",325,81,315,80,0,92,0,92,0,92,0,92,0,92,0,92,0,92,0,92,0,92,6,11,12,18,27,25,83,57,28,36,19,21,63,47,17,18,18,20,14,16,28,22,0,92,10,16
1400000US08031006813,08031006813,"Census Tract 68.13, Denver County, Colorado",1545,202,1486,199,0,92,0,92,0,92,0,92,24,27,0,92,0,92,0,92,0,92,120,86,9,14,128,104,178,113,139,103,140,83,186,91,237,101,214,104,58,59,0,92,53,29,59,66
1400000US08031006814,08031006814,"Census Tract 68.14, Denver County, Colorado",913,175,913,175,0,92,0,92,0,92,0,92,0,92,0,92,0,92,0,92,0,92,54,87,57,58,70,84,63,51,71,59,171,129,122,103,157,105,63,46,31,35,54,67,0,92,0,92
1400000US08031006901,08031006901,"Census Tract 69.01, Denver County, Colorado",2046,174,2046,174,0,92,0,92,77,85,21,33,19,36,0,92,0,92,0,92,37,59,142,113,235,132,213,108,417,143,253,134,262,144,101,69,164,114,33,35,11,17,52,43,9,15,0,92
1400000US08031007006,08031007006,"Census Tract 70.06, Denver County, Colorado",2157,207,2157,207,0,92,0,92,0,92,0,92,0,92,0,92,0,92,18,30,19,30,37,44,139,104,171,110,330,132,430,206,236,154,456,156,43,42,182,106,62,56,34,32,0,92,0,92
1400000US08031007013,08031007013,"Census Tract 70.13, Denver County, Colorado",459,117,459,117,0,92,0,92,0,92,0,92,0,92,0,92,0,92,0,92,0,92,0,92,0,92,28,43,8,12,7,11,14,22,12,18,63,45,270,101,34,28,23,19,0,92,0,92
1400000US08031007037,08031007037,"Census Tract 70.37, Denver County, Colorado",1238,155,1201,153,0,92,0,92,0,92,0,92,0,92,0,92,0,92,41,46,35,31,70,45,118,68,186,95,127,79,123,70,123,71,29,34,114,70,106,70,89,49,26,38,14,18,37,47
1400000US08031007088,08031007088,"Census Tract 70.88, Denver County, Colorado",1915,172,1884,166,0,92,0,92,0,92,0,92,0,92,9,14,13,21,0,92,0,92,0,92,35,44,0,92,12,20,14,28,0,92,197,84,293,146,723,184,396,161,107,60,85,63,31,35
1400000US08031007089,08031007089,"Census Tract 70.89, Denver County, Colorado",876,172,862,175,0,92,0,92,0,92,0,92,20,32,0,92,0,92,0,92,15,24,56,46,37,35,95,81,194,97,110,58,80,62,56,60,52,51,110,64,37,57,0,92,0,92,14,22
1400000US08031008304,08031008304,"Census Tract 83.04, Denver County, Colorado",184,70,184,70,0,92,0,92,0,92,0,92,0,92,0,92,0,92,0,92,0,92,0,92,0,92,0,92,6,10,6,10,0,92,0,92,35,37,9,16,58,46,54,48,16,24,0,92
1400000US08031008305,08031008305,"Census Tract 83.05, Denver County, Colorado",296,104,283,102,0,92,0,92,0,92,0,92,0,92,0,92,0,92,0,92,0,92,0,92,14,23,0,92,0,92,0,92,7,10,45,52,33,40,129,78,42,39,13,18,0,92,13,20
1400000US08031008306,08031008306,"Census Tract 83.06, Denver County, Colorado",892,117,885,116,0,92,0,92,0,92,0,92,0,92,0,92,0,92,0,92,17,27,24,30,143,69,98,57,106,70,129,74,49,50,122,66,0,92,57,52,34,36,106,62,0,92,7,13
1400000US08031008312,08031008312,"Census Tract 83.12, Denver County, Colorado",1003,155,982,154,0,92,0,92,28,23,24,40,32,54,0,92,45,51,0,92,0,92,70,69,42,66,133,90,131,85,10,17,47,56,156,118,62,69,81,71,109,94,12,19,0,92,21,26
1400000US08031008386,08031008386,"Census Tract 83.86, Denver County, Colorado",214,103,214,103,0,92,0,92,0,92,0,92,0,92,0,92,0,92,0,92,0,92,0,92,0,92,0,92,21,34,8,15,0,92,0,92,37,56,39,47,40,44,69,50,0,92,0,92
1400000US08031008387,08031008387,"Census Tract 83.87, Denver County, Colorado",415,142,415,142,0,92,0,92,0,92,0,92,0,92,0,92,0,92,0,92,0,92,0,92,0,92,0,92,0,92,0,92,0,92,12,23,15,25,68,72,209,127,111,71,0,92,0,92
1400000US08031008388,08031008388,"Census Tract 83.88, Denver County, Colorado",1486,212,1486,212,0,92,0,92,0,92,0,92,0,92,0,92,0,92,43,68,0,92,0,92,0,92,0,92,44,50,34,43,64,58,364,151,210,118,399,135,225,180,103,105,0,92,0,92
1400000US08031008389,08031008389,"Census Tract 83.89, Denver County, Colorado",194,105,163,97,0,92,0,92,0,92,10,17,0,92,0,92,0,92,0,92,0,92,0,92,0,92,0,92,0,92,0,92,0,92,0,92,0,92,39,56,47,51,56,50,11,19,31,45
1400000US08031008390,08031008390,"Census Tract 83.90, Denver County, Colorado",632,185,632,185,0,92,0,92,0,92,0,92,0,92,0,92,0,92,0,92,0,92,0,92,0,92,0,92,0,92,0,92,0,92,120,118,11,16,302,162,92,100,107,84,0,92,0,92
1400000US08031008391,08031008391,"Census Tract 83.91, Denver County, Colorado",245,128,245,128,0,92,0,92,0,92,0,92,0,92,0,92,0,92,0,92,0,92,0,92,0,92,0,92,0,92,0,92,0,92,16,26,0,92,52,50,12,22,165,123,0,92,0,92
1400000US08031011902,08031011902,"Census Tract 119.02, Denver County, Colorado",1396,205,1385,206,0,92,0,92,0,92,0,92,11,20,9,15,0,92,0,92,51,80,0,92,15,25,61,79,119,111,176,113,184,105,243,133,215,110,284,167,17,28,0,92,0,92,11,18
1400000US08031011903,08031011903,"Census Tract 119.03, Denver County, Colorado",236,79,236,79,0,92,0,92,0,92,0,92,0,92,0,92,0,92,0,92,0,92,0,92,0,92,50,51,12,20,0,92,0,92,33,45,21,27,33,31,30,30,44,57,13,20,0,92
1400000US08031012001,08031012001,"Census Tract 120.01, Denver County, Colorado",292,85,286,84,0,92,0,92,0,92,0,92,0,92,12,18,0,92,13,20,0,92,52,57,0,92,51,40,66,72,39,51,25,36,0,92,0,92,11,17,4,7,7,12,6,9,6,9
1400000US08031012010,08031012010,"Census Tract 120.10, Denver County, Colorado",728,172,715,168,0,92,0,92,0,92,0,92,0,92,0,92,0,92,0,92,0,92,0,92,0,92,12,22,0,92,0,92,74,75,244,121,133,75,184,148,42,67,26,30,0,92,13,22
1400000US08031012014,08031012014,"Census Tract 120.14, Denver County, Colorado",1017,144,1008,146,0,92,0,92,0,92,0,92,0,92,13,20,0,92,0,92,0,92,0,92,13,21,0,92,63,65,79,82,65,53,123,66,233,102,198,95,104,75,117,91,0,92,9,14
1400000US08031015300,08031015300,"Census Tract 153, Denver County, Colorado",1615,194,1615,194,0,92,0,92,0,92,0,92,0,92,11,19,15,24,71,80,76,73,56,40,184,93,176,93,137,68,64,51,107,71,305,130,83,70,240,104,0,92,90,70,0,92,0,92
1400000US08031015400,08031015400,"Census Tract 154, Denver County, Colorado",474,100,461,100,0,92,0,92,11,18,21,23,0,92,23,37,11,18,0,92,14,21,0,92,22,24,9,14,0,92,0,92,56,61,10,17,38,59,80,61,70,50,96,55,0,92,13,20
1400000US08031015500,08031015500,"Census Tract 155, Denver County, Colorado",1556,95,1548,99,0,92,0,92,9,14,0,92,25,25,0,92,0,92,17,20,19,22,34,42,99,70,115,68,309,119,157,78,267,102,263,90,195,98,30,39,9,14,0,92,0,92,8,13
1400000US08031015600,08031015600,"Census Tract 156, Denver County, Colorado",1067,171,1059,173,21,24,0,92,13,21,12,20,19,31,0,92,46,41,36,35,35,45,95,63,120,78,151,109,28,29,27,38,24,43,118,94,91,64,106,69,69,58,48,39,0,92,8,12
1400000US08031015700,08031015700,"Census Tract 157, Denver County, Colorado",1212,159,1174,158,0,92,0,92,65,55,35,39,89,57,15,23,13,21,0,92,80,80,17,26,28,42,15,23,67,61,16,25,79,100,189,131,194,115,185,125,0,92,73,85,14,22,38,56
1400000US08031980000,08031980000,"Census Tract 9800, Denver County, Colorado",232,97,232,97,0,92,0,92,0,92,0,92,0,92,17,28,16,25,31,46,0,92,0,92,0,92,0,92,0,92,0,92,27,43,6,10,14,18,25,25,41,49,55,66,0,92,0,92
1400000US08031980100,08031980100,"Census Tract 9801, Denver County, Colorado",0,92,0,92,0,92,0,92,0,92,0,92,0,92,0,92,0,92,0,92,0,92,0,92,0,92,0,92,0,92,0,92,0,92,0,92,0,92,0,92,0,92,0,92,0,92,0,92
